{"0_0_0": [-1.809286089329674e-44, -1.4236660831144673e-44, 322], "210_-20_1": [0.0, 0.0, 2], "210_-20_2": [0.0, 0.0, 2], "210_-30_3": [0.0, 0.0, 1], "210_-30_4": [0.0, 0.0, 2], "210_-40_5": [0.0, 0.0, 1], "210_-40_6": [0.0, 0.0, 2], "210_-50_7": [0.0, 0.0, 2], "140_-60_8": [0.0, 0.0, 1], "140_-70_9": [0.0, 0.0, 1], "140_-80_10": [-1.7010000000000014, 0.0, 11], "140_-90_10": [-1.7010000000000014, 0.0, 10], "140_-100_10": [0.0, 0.0, 9], "140_-110_10": [0.0, 0.0, 7], "140_-120_10": [0.0, 0.0, 9], "140_-130_10": [0.0, 0.0, 7], "140_-140_10": [0.0, 0.0, 7], "140_-150_10": [0.0, 0.0, 7], "140_-160_10": [0.0, 0.0, 7], "140_-170_10": [0.0, 0.0, 8], "140_-180_10": [0.0, 0.0, 8], "140_-240_10": [0.0, 0.0, 33], "210_-30_1": [0.0, 0.0, 1], "210_-40_2": [0.0, 0.0, 1], "210_-40_3": [0.0, 0.0, 1], "210_-40_4": [0.0, 0.0, 1], "210_-50_5": [0.0, 0.0, 1], "210_-50_6": [0.0, 0.0, 1], "210_-60_7": [0.0, 0.0, 1], "140_-70_8": [0.0, 0.0, 2], "140_-80_9": [0.0, 0.0, 2], "210_-70_1": [0.0, 0.0, 2], "210_-70_2": [0.0, 0.0, 2], "210_-70_3": [0.0, 0.0, 2], "210_-80_4": [0.0, 0.0, 2], "210_-80_5": [0.0, 0.0, 2], "210_-90_6": [0.0, 0.0, 2], "210_-100_7": [0.0, 0.0, 1], "140_-100_8": [0.0, 0.0, 2], "140_-110_9": [0.0, 0.0, 2], "210_-50_1": [0.0, 0.0, 2], "210_-60_2": [0.0, 0.0, 1], "210_-60_3": [0.0, 0.0, 1], "210_-60_4": [0.0, 0.0, 2], "210_-70_5": [0.0, 0.0, 1], "210_-70_6": [0.0, 0.0, 2], "210_-80_7": [0.0, 0.0, 2], "140_-90_8": [0.0, 0.0, 1], "140_-100_9": [0.0, 0.0, 1], "210_-120_1": [0.0, 0.0, 1], "210_-120_2": [0.0, 0.0, 1], "210_-120_3": [0.0, 0.0, 1], "210_-120_4": [0.0, 0.0, 1], "210_-130_5": [0.0, 0.0, 1], "210_-140_6": [0.0, 0.0, 1], "210_-140_7": [0.0, 0.0, 1], "140_-150_8": [0.0, 0.0, 1], "140_-160_9": [0.0, 0.0, 1], "140_-300_10": [0.0, 0.0, 5], "210_-50_2": [0.0, 0.0, 1], "210_-50_3": [0.0, 0.0, 1], "210_-60_5": [0.0, 0.0, 1], "140_-80_8": [0.0, 0.0, 1], "140_-90_9": [0.0, 0.0, 1], "210_-90_7": [0.0, 0.0, 1], "210_-20_3": [0.0, 0.0, 1], "210_-30_5": [0.0, 0.0, 1], "140_-50_8": [0.0, 0.0, 3], "140_-60_9": [0.0, 0.0, 3], "140_-70_10": [-5.6700000000000035, 0.0, 14], "210_-50_-9": [0.0, 0.0, 2], "210_-40_-8": [0.0, 0.0, 2], "210_-30_-7": [0.0, 0.0, 3], "210_-30_-6": [0.0, 0.0, 2], "210_-20_-5": [0.0, 0.0, 3], "210_-20_-4": [0.0, 0.0, 2], "210_-10_-3": [0.0, 0.0, 3], "140_-10_-2": [0.0, 0.0, 3], "140_-10_-1": [0.0, 0.0, 3], "140_-10_0": [0.0, 0.0, 3], "140_-10_1": [0.0, 0.0, 3], "140_-10_2": [0.0, 0.0, 3], "140_-20_3": [0.0, 0.0, 2], "140_-20_4": [0.0, 0.0, 3], "140_-30_5": [0.0, 0.0, 2], "140_-30_6": [0.0, 0.0, 3], "140_-40_7": [0.0, 0.0, 2], "130_-130_10": [0.0, 0.0, 2], "130_-140_10": [0.0, 0.0, 2], "120_-150_10": [0.0, 0.0, 5], "120_-160_10": [0.0, 0.0, 2], "120_-170_10": [0.0, 0.0, 2], "110_-180_10": [0.0, 0.0, 2], "110_-240_10": [0.0, 0.0, 2], "100_-240_10": [0.0, 0.0, 12], "90_-240_10": [0.0, 0.0, 13], "80_-300_10": [0.0, 0.0, 9], "70_-300_10": [-1.6623441667136614e-44, 0.0, 5], "210_40_-9": [0.0, 0.0, 1], "210_40_-8": [0.0, 0.0, 1], "210_50_-7": [0.0, 0.0, 1], "210_60_-6": [0.0, 0.0, 1], "210_60_-5": [0.0, 0.0, 1], "210_70_-4": [0.0, 0.0, 1], "210_70_-3": [0.0, 0.0, 1], "140_70_-2": [0.0, 0.0, 1], "140_70_-1": [0.0, 0.0, 1], "140_70_0": [0.0, 0.0, 1], "140_70_1": [0.0, 0.0, 1], "140_70_2": [0.0, 0.0, 1], "140_70_3": [0.0, 0.0, 1], "140_60_4": [0.0, 0.0, 1], "140_60_5": [0.0, 0.0, 1], "140_50_6": [0.0, 0.0, 1], "140_40_7": [0.0, 0.0, 1], "140_40_8": [0.0, 0.0, 1], "140_30_9": [0.0, 0.0, 1], "140_20_10": [0.0, 0.0, 4], "140_10_10": [0.0, 0.0, 5], "140_0_10": [0.0, 0.0, 6], "140_-10_10": [0.0, 0.0, 9], "140_-20_10": [0.0, 0.0, 11], "140_-30_10": [0.0, 0.0, 10], "130_-40_10": [0.0, 0.0, 3], "130_-50_10": [0.0, 0.0, 2], "120_-60_10": [0.0, 0.0, 4], "120_-70_10": [0.0, 0.0, 4], "120_-80_10": [0.0, 0.0, 3], "110_-90_10": [0.0, 0.0, 3], "110_-100_10": [0.0, 0.0, 2], "100_-110_10": [0.0, 0.0, 4], "100_-120_10": [0.0, 0.0, 4], "100_-130_10": [0.0, 0.0, 3], "90_-140_10": [0.0, 0.0, 3], "90_-150_10": [0.0, 0.0, 2], "80_-160_10": [0.0, 0.0, 4], "80_-170_10": [-1.327442390877593e-44, 0.0, 4], "80_-180_10": [0.0, 0.0, 3], "70_-240_10": [-3.310302359298153e-44, -2.6871226683907854e-44, 9], "210_-30_-9": [0.0, 0.0, 4], "210_-20_-8": [0.0, 0.0, 2], "210_-20_-7": [0.0, 0.0, 5], "210_-10_-6": [0.0, 0.0, 5], "210_-10_-5": [0.0, 0.0, 5], "210_0_-4": [0.0, 0.0, 4], "210_0_-3": [0.0, 0.0, 5], "140_0_-2": [0.0, 0.0, 5], "140_0_-1": [0.0, 0.0, 5], "140_0_0": [0.0, 0.0, 5], "140_0_1": [0.0, 0.0, 5], "140_0_2": [0.0, 0.0, 5], "140_0_3": [0.0, 0.0, 4], "140_-10_4": [0.0, 0.0, 5], "140_-10_5": [0.0, 0.0, 5], "140_-20_6": [0.0, 0.0, 5], "140_-20_7": [0.0, 0.0, 2], "140_-30_8": [0.0, 0.0, 4], "140_-40_9": [0.0, 0.0, 5], "140_-50_10": [0.0, 0.0, 13], "140_-60_10": [-1.7010000000000014, 0.0, 14], "130_-110_10": [0.0, 0.0, 3], "130_-120_10": [0.0, 0.0, 3], "120_-130_10": [0.0, 0.0, 3], "120_-140_10": [0.0, 0.0, 3], "110_-160_10": [0.0, 0.0, 3], "110_-170_10": [0.0, 0.0, 3], "100_-180_10": [0.0, 0.0, 3], "80_-240_10": [-5.797059328823718e-45, 0.0, 27], "210_50_-9": [0.0, 0.0, 2], "210_60_-8": [0.0, 0.0, 1], "210_60_-7": [0.0, 0.0, 2], "210_70_-6": [0.0, 0.0, 2], "210_70_-5": [0.0, 0.0, 2], "210_80_-4": [0.0, 0.0, 2], "210_80_-3": [0.0, 0.0, 2], "140_80_-2": [0.0, 0.0, 2], "140_80_-1": [0.0, 0.0, 2], "140_80_0": [0.0, 0.0, 2], "140_80_1": [0.0, 0.0, 2], "140_80_2": [0.0, 0.0, 2], "140_80_3": [0.0, 0.0, 2], "140_70_4": [0.0, 0.0, 2], "140_70_5": [0.0, 0.0, 2], "140_60_6": [0.0, 0.0, 2], "140_60_7": [0.0, 0.0, 1], "140_50_8": [0.0, 0.0, 2], "140_40_9": [0.0, 0.0, 2], "140_30_10": [0.0, 0.0, 3], "130_-30_10": [0.0, 0.0, 3], "120_-50_10": [0.0, 0.0, 3], "110_-80_10": [0.0, 0.0, 3], "100_-100_10": [0.0, 0.0, 3], "90_-130_10": [0.0, 0.0, 3], "80_-150_10": [0.0, 0.0, 3], "70_-180_10": [-6.177458658746608e-44, -1.896346272682276e-44, 2], "210_-30_-8": [0.0, 0.0, 5], "140_-30_7": [0.0, 0.0, 5], "210_-10_-7": [0.0, 0.0, 1], "210_0_-5": [0.0, 0.0, 1], "140_10_-2": [0.0, 0.0, 1], "140_10_-1": [0.0, 0.0, 1], "140_10_0": [0.0, 0.0, 1], "140_10_1": [0.0, 0.0, 1], "140_0_4": [0.0, 0.0, 1], "140_-10_6": [0.0, 0.0, 1], "210_60_-9": [0.0, 0.0, 1], "210_70_-8": [0.0, 0.0, 1], "210_70_-7": [0.0, 0.0, 1], "210_80_-6": [0.0, 0.0, 1], "210_90_-5": [0.0, 0.0, 1], "210_90_-4": [0.0, 0.0, 1], "210_90_-3": [0.0, 0.0, 1], "140_90_-2": [0.0, 0.0, 1], "140_100_-1": [0.0, 0.0, 1], "140_100_0": [0.0, 0.0, 1], "140_90_1": [0.0, 0.0, 1], "140_90_2": [0.0, 0.0, 1], "140_90_3": [0.0, 0.0, 1], "140_90_4": [0.0, 0.0, 1], "140_80_5": [0.0, 0.0, 1], "140_70_6": [0.0, 0.0, 1], "140_70_7": [0.0, 0.0, 1], "140_60_8": [0.0, 0.0, 1], "140_50_9": [0.0, 0.0, 1], "140_40_10": [0.0, 0.0, 1], "130_-20_10": [0.0, 0.0, 1], "120_-40_10": [0.0, 0.0, 1], "110_-70_10": [0.0, 0.0, 1], "100_-90_10": [0.0, 0.0, 1], "90_-120_10": [0.0, 0.0, 1], "80_-140_10": [0.0, 0.0, 1], "70_-170_10": [-6.177458658746608e-44, 0.0, 1], "210_-10_-9": [0.0, 0.0, 2], "210_0_-8": [0.0, 0.0, 2], "210_10_-7": [0.0, 0.0, 3], "210_20_-6": [0.0, 0.0, 3], "210_20_-5": [0.0, 0.0, 3], "210_20_-4": [0.0, 0.0, 2], "210_30_-3": [0.0, 0.0, 3], "140_30_-2": [0.0, 0.0, 3], "140_30_-1": [0.0, 0.0, 3], "140_30_0": [0.0, 0.0, 3], "140_30_1": [0.0, 0.0, 3], "140_30_2": [0.0, 0.0, 3], "140_20_3": [0.0, 0.0, 2], "140_20_4": [0.0, 0.0, 3], "140_20_5": [0.0, 0.0, 3], "140_10_6": [0.0, 0.0, 3], "140_0_7": [0.0, 0.0, 2], "140_-10_8": [0.0, 0.0, 2], "140_-10_9": [0.0, 0.0, 3], "140_-40_10": [0.0, 0.0, 9], "130_-80_10": [0.0, 0.0, 6], "130_-90_10": [0.0, 0.0, 3], "120_-100_10": [0.0, 0.0, 7], "120_-110_10": [0.0, 0.0, 6], "120_-120_10": [0.0, 0.0, 3], "110_-130_10": [0.0, 0.0, 6], "110_-140_10": [0.0, 0.0, 3], "100_-150_10": [0.0, 0.0, 7], "100_-160_10": [0.0, 0.0, 6], "100_-170_10": [0.0, 0.0, 3], "90_-180_10": [0.0, 0.0, 6], "210_0_-9": [0.0, 0.0, 3], "210_10_-8": [0.0, 0.0, 4], "210_30_-4": [0.0, 0.0, 3], "140_30_3": [0.0, 0.0, 3], "140_10_7": [0.0, 0.0, 4], "140_0_8": [0.0, 0.0, 3], "210_-20_-3": [0.0, 0.0, 1], "140_-20_2": [0.0, 0.0, 1], "210_20_-7": [0.0, 0.0, 2], "210_30_-6": [0.0, 0.0, 3],